element	et	gen_label	a	b	c	alpha	beta_emit	gamma	xi	lambda	beta_with	beta_con
0.0	ext_grid	1	10	200	100	4.091	-5.554	6.49	0.0002	2.857	0	0
0.0	gen	2	10	150	120	2.543	-6.047	5.638	0.0005	3.333	0	0
1.0	gen	3	20	180	40	4.258	-5.094	4.586	0.000001	8	0	0
2.0	gen	4	10	100	60	5.426	-3.55	3.38	0.002	2	0	0
3.0	gen	5	20	180	40	4.258	-5.094	4.586	0.000001	8	0	0
4.0	gen	6	10	150	100	6.131	-5.555	5.151	0.00001	6.667	0	0
